model_name,coeffs
Sestak-Berggen,[3.83882327 0.26788466 0.77132578 0.57898536]
Perez-Maqueda,[4.21320316 0.89738699 0.57489895]
Cai-Liu,[ 19.41534181  11.29337249  17.93123657 -13.08830918]
