model_name,coeffs
Sestak-Berggen,[ 5.321305   -0.69256155  1.16647222  1.25811165]
Perez-Maqueda,[6.28980084 0.64648429 0.72235514]
Cai-Liu,[6.23179072e+00 6.77888017e-01 7.11937652e+00 4.91583110e-03]
