model_name,coeffs
Sestak-Berggen,[ 6.97463248  5.0852116  -0.77788921 -4.24524786]
Perez-Maqueda,[3.31862699 0.57751624 0.60108919]
Cai-Liu,[ 1.08303459e+00  7.39612369e-01  1.92306366e+01 -1.17947465e-02]
