model_name,coeffs
Sestak-Berggen,[ 2.85474173 -0.14115319  0.91153061  0.9411481 ]
Perez-Maqueda,[3.31727027 0.88107618 0.59176163]
Cai-Liu,[ 1.75526113e+00  6.57050261e-01  1.98423431e+01 -1.94805014e-02]
