model_name,coeffs
Sestak-Berggen,[10.22897087  3.24814755  0.85257981 -2.7704074 ]
Perez-Maqueda,[8.97511838 0.43217682 1.99880912]
Cai-Liu,[ 2.45464142  0.11824446 16.6683241  -0.12631597]
