model_name,coeffs
Sestak-Berggen,[ 5.27821964 -0.78642688  1.20025011  1.34861573]
Perez-Maqueda,[6.3579276  0.65335015 0.72799006]
Cai-Liu,[ 7.92566261e+00  7.66827767e-01  1.99086874e+01 -4.96913507e-03]
