model_name,coeffs
Sestak-Berggen,[ 1.47753049  1.70526528  0.2252689  -1.24702208]
Perez-Maqueda,[1.2676903  0.39149272 0.6694911 ]
Cai-Liu,[ 0.88887285  0.48409965 16.73001784 -0.14449378]
