model_name,coeffs
Sestak-Berggen,[ 4.92644676  1.54559308  0.29545414 -1.0814969 ]
Perez-Maqueda,[4.30666117 0.40599373 0.67945888]
Cai-Liu,[ 1.24369176e+01  8.78336351e-01  1.99831664e+01 -3.10797726e-03]
