model_name,coeffs
Sestak-Berggen,[5.15961222 0.15193052 0.73130891 0.24762484]
Perez-Maqueda,[5.31693204 0.41268365 0.64297449]
Cai-Liu,[1.29743700e+01 7.80122382e-01 1.88679008e+01 3.16854219e-03]
