model_name,coeffs
Sestak-Berggen,[ 3.83814727  7.00144414 -0.77981656 -6.57374306]
Perez-Maqueda,[2.9451242  0.33898794 1.98702618]
Cai-Liu,[ 0.73053999  0.0174561  16.66668059 -0.18155569]
