model_name,coeffs
Sestak-Berggen,[ 4.25999441  3.25633464 -0.28789764 -2.62458607]
Perez-Maqueda,[3.05484814 0.49143676 0.63730834]
Cai-Liu,[ 1.75323266  0.55183797 16.67007437 -0.17487369]
