model_name,coeffs
Sestak-Berggen,[ 2.70968339  0.64767499  0.62345779 -0.21011221]
Perez-Maqueda,[2.65049312 0.42840144 0.70044773]
Cai-Liu,[ 1.5730113   0.41144612 16.6779483  -0.12124695]
