model_name,coeffs
Sestak-Berggen,[ 3.30035648 -0.05351528  0.8967315   0.85694819]
Perez-Maqueda,[3.77214392 0.87478812 0.60400757]
Cai-Liu,[ 2.17030816e+00  6.80939879e-01  1.99579530e+01 -1.45381738e-02]
