model_name,coeffs
Sestak-Berggen,[3.76847779 0.07402097 0.84005355 0.76459167]
Perez-Maqueda,[4.26482086 0.90584558 0.58119951]
Cai-Liu,[2.71511679e+00 7.24384280e-01 2.00000000e+01 2.24883725e-03]
