model_name,coeffs
Sestak-Berggen,[11.18639009  2.07162069  0.95085742 -1.88433301]
Perez-Maqueda,[9.36106568 0.11077838 1.6610564 ]
Cai-Liu,[1.33187736e+01 3.28039938e-01 1.04941531e+01 8.88905251e-03]
