model_name,coeffs
Sestak-Berggen,[ 6.73857566  2.64191182 -0.06447463 -2.02787871]
Perez-Maqueda,[5.19288825 0.50544304 0.64767669]
Cai-Liu,[ 1.28272602e+01  9.51158047e-01  1.99998609e+01 -5.26332907e-03]
