model_name,coeffs
Sestak-Berggen,[3.93994103 0.77635371 0.53523711 0.08942629]
Perez-Maqueda,[4.01359238 0.87686662 0.50688917]
Cai-Liu,[ 2.45438465  0.87143549 19.61479668 -0.04156418]
