model_name,coeffs
Sestak-Berggen,[ 9.95899792  2.85993247  0.79344386 -2.70174091]
Perez-Maqueda,[7.8547996  0.05940412 1.82306757]
Cai-Liu,[ 5.16657785  0.08006092 16.67006191 -0.09725772]
