model_name,coeffs
Sestak-Berggen,[ 4.52543905  0.51819436  0.68181472 -0.07553476]
Perez-Maqueda,[4.46663779 0.43624544 0.70662464]
Cai-Liu,[1.06975906e+01 7.99056205e-01 1.99920076e+01 9.67737841e-03]
