model_name,coeffs
Sestak-Berggen,[16.47602731  1.90577654  1.00692982 -1.72690981]
Perez-Maqueda,[14.03750314  0.1107169   1.65973536]
Cai-Liu,[19.99468019  0.33666693 19.24016957 -0.02085826]
