model_name,coeffs
Sestak-Berggen,[ 4.87825595  7.18659775 -1.54192206 -6.44202069]
Perez-Maqueda,[1.69790591 0.38435072 0.58820531]
Cai-Liu,[ 4.84179383e-02 -1.75422257e-02  1.92972167e+01 -3.49675962e-01]
