model_name,coeffs
Sestak-Berggen,[10.66367025  3.72814995  0.67656154 -3.23326941]
Perez-Maqueda,[9.239148   0.44639263 2.02169762]
Cai-Liu,[13.65713193  0.56847589 19.23077091  0.06060589]
