model_name,coeffs
Sestak-Berggen,[ 3.37751858  1.86517869  0.75343643 -1.81501301]
Perez-Maqueda,[ 2.83247357 -0.02365615  1.43223824]
Cai-Liu,[4.60922768 0.23894275 7.14387824 0.04736807]
