model_name,coeffs
Sestak-Berggen,[1.01359721 0.12238976 0.83933509 0.69286373]
Perez-Maqueda,[1.12722665 0.8717141  0.60167991]
Cai-Liu,[ 0.29435832  0.44980555 14.28743156 -0.10715966]
