model_name,coeffs
Sestak-Berggen,[ -5.64740897  -1.73708103 -13.21758427  12.99254536]
Perez-Maqueda,[-3.36379084  6.13980523 -0.23205386]
Cai-Liu,[ 0.96070457 16.08202312 -6.47515963 -9.30591538]
