model_name,coeffs
Sestak-Berggen,[ 4.1096689   1.07279711  0.4418689  -0.18307757]
Perez-Maqueda,[3.96069801 0.86769393 0.50042079]
Cai-Liu,[ 0.96698674  0.62468515 16.6702816  -0.19145653]
