model_name,coeffs
Sestak-Berggen,[17.7934616   2.92143863  0.78091604 -2.75412091]
Perez-Maqueda,[13.87758043  0.06342665  1.82598618]
Cai-Liu,[19.99217187  0.3061008  18.18763677 -0.02650442]
