model_name,coeffs
Sestak-Berggen,[1.54753913 0.2820651  0.67378024 0.11282273]
Perez-Maqueda,[1.57484573 0.40327861 0.6355776 ]
Cai-Liu,[ 0.97797021  0.39623878 16.67685868 -0.1168085 ]
