model_name,coeffs
Sestak-Berggen,[ 3.86701425  3.88204783 -0.53514272 -3.46985482]
Perez-Maqueda,[2.26599699 0.22831116 0.63001842]
Cai-Liu,[ 2.21396836e+00  6.87962066e-01  1.96097579e+01 -1.29790835e-02]
