model_name,coeffs
Sestak-Berggen,[ 1.31022093  5.16800756 -1.00265299 -4.75289286]
Perez-Maqueda,[0.6381159  0.16139009 0.60134276]
Cai-Liu,[ 0.03909355 -0.03626373 19.0225669  -0.37370891]
