model_name,coeffs
Sestak-Berggen,[12.20299463  2.04044009  0.70084023 -1.97498885]
Perez-Maqueda,[10.08104698 -0.01402913  1.43937014]
Cai-Liu,[ 1.99996740e+01  3.27425617e-01  1.92422449e+01 -1.85913277e-02]
