model_name,coeffs
Sestak-Berggen,[1.77338283 0.15630256 0.8104492  0.66105935]
Perez-Maqueda,[1.96918135 0.8738125  0.58542286]
Cai-Liu,[  9.08608255  11.67600779  18.13301656 -13.03738337]
