model_name,coeffs
Sestak-Berggen,[-16.60692952  -4.36940642  14.76355288   0.28642815]
Perez-Maqueda,[ 9.86411838 10.42542483  9.72850358]
Cai-Liu,[-13.44207858 -12.84961785  -0.08103445 -11.42581976]
