model_name,coeffs
Sestak-Berggen,[ 5.97759264  7.75231228 -0.65956414 -7.3466135 ]
Perez-Maqueda,[4.57438144 0.31872992 2.45890218]
Cai-Liu,[ 3.31133705e+00  2.67421234e-01  1.66699343e+01 -1.45623603e-02]
