model_name,coeffs
Sestak-Berggen,[ 8.27027996  6.75284617 -1.37299905 -5.89716647]
Perez-Maqueda,[3.16892635 0.52340888 0.58113985]
Cai-Liu,[ 6.34533553e-02  1.40390014e-02  1.90136514e+01 -3.72171508e-01]
