model_name,coeffs
Sestak-Berggen,[ 6.33479714  5.02820804 -0.79576263 -4.32299252]
Perez-Maqueda,[2.97039095 0.44325232 0.60885108]
Cai-Liu,[ 1.27277567e+00  6.89545777e-01  1.96142148e+01 -1.36460677e-02]
