model_name,coeffs
Sestak-Berggen,[ 0.08341508  1.28117339  0.28492636 -0.57532923]
