model_name,coeffs
Sestak-Berggen,[ 0.50805585  0.16364471  1.14932972 -0.17555789]
