model_name,coeffs
Sestak-Berggen,[ 3.42482131 -5.83569735  3.38883829  5.57889734]
