model_name,coeffs
Sestak-Berggen,[ 0.12547287  1.1668465   0.67234669 -0.84520718]
