model_name,coeffs
Sestak-Berggen,[ 5.32537065 -2.15227568  2.00092269  2.59404038]
