model_name,coeffs
Sestak-Berggen,[ 8.568815    1.55080372  0.67852787 -0.93970213]
