model_name,coeffs
Sestak-Berggen,[ 7.33462936  1.05635685  0.88401132 -1.01028145]
