model_name,coeffs
Sestak-Berggen,[ 0.36103706 -0.35718201  1.16454446  0.80051772]
