model_name,coeffs
Sestak-Berggen,[ 1.97334767  1.34576867 -0.0396903  -1.31331832]
