model_name,coeffs
Sestak-Berggen,[ 0.1459251   2.11863664  0.3087258  -1.77491964]
