model_name,coeffs
Sestak-Berggen,[ 0.1533371   2.85341642  0.02979051 -2.49241512]
