model_name,coeffs
Sestak-Berggen,[0.07642213 0.39396252 0.56684585 0.25609895]
