model_name,coeffs
Sestak-Berggen,[ 2.24194812 -0.1660394   0.74739683  0.78051378]
