model_name,coeffs
Sestak-Berggen,[ 0.02510459 -0.37148733  0.48680773  0.28754113]
