model_name,coeffs
Sestak-Berggen,[ 0.08836503 -0.18408615  0.62162341  0.39815576]
