model_name,coeffs
Sestak-Berggen,[ 0.11293538  0.18139084  1.19624815 -0.17269619]
