model_name,coeffs
Sestak-Berggen,[ 3.85997044  1.88740778  0.38931515 -1.55628122]
