model_name,coeffs
Sestak-Berggen,[ 1.74967552 -1.42088625  1.1370157   1.92539749]
