model_name,coeffs
Sestak-Berggen,[ 0.10500215  1.14367202  0.21864988 -0.82765388]
