model_name,coeffs
Sestak-Berggen,[ 1.83373549 -1.20315236  0.97578504  1.35755417]
