model_name,coeffs
Sestak-Berggen,[ 0.54166815  1.76317858  0.62101109 -1.68076361]
