model_name,coeffs
Sestak-Berggen,[ 3.59757948  1.95548047  0.34980184 -1.63562644]
