model_name,coeffs
Sestak-Berggen,[ 0.07488884  0.45942992  0.2687501  -0.434706  ]
