model_name,coeffs
Sestak-Berggen,[ 0.06645903 -0.26954957  0.48853744  0.23913327]
