model_name,coeffs
Sestak-Berggen,[ 0.11837443 -1.91804002  1.38645818  2.32805252]
