model_name,coeffs
Sestak-Berggen,[0.03839756 0.01609437 0.59055053 0.23816353]
