model_name,coeffs
Sestak-Berggen,[ 2.06135682  2.11053427 -0.32974334 -2.1096062 ]
