model_name,coeffs
Sestak-Berggen,[ 0.89213373  2.77056623  0.23851949 -2.11476822]
