model_name,coeffs
Sestak-Berggen,[ 0.87308186  1.35812547  0.74773523 -0.75613294]
