model_name,coeffs
Sestak-Berggen,[ 0.13985249  1.69368509  0.47035852 -1.35986613]
