model_name,coeffs
Sestak-Berggen,[ 0.11367669 -0.93012727  1.56990863  1.44082968]
