model_name,coeffs
Sestak-Berggen,[ 0.52006511  1.21288958  0.7119513  -1.16666567]
