model_name,coeffs
Sestak-Berggen,[ 0.07163601  0.67610552  0.28063362 -0.46838419]
