model_name,coeffs
Sestak-Berggen,[2.31177186 0.02228678 0.58988077 0.23248024]
