model_name,coeffs
Sestak-Berggen,[0.09229979 0.10290423 0.55248057 0.15265993]
