model_name,coeffs
Sestak-Berggen,[ 0.0716235   0.67590377  0.28056197 -0.46827668]
