model_name,coeffs
Sestak-Berggen,[ 0.05862074  0.46406468  0.9362996  -0.16432547]
