model_name,coeffs
Sestak-Berggen,[ 0.50561838  0.58658056  1.03007613 -0.56471373]
