model_name,coeffs
Sestak-Berggen,[ 0.0148528  -0.00917998  0.00125297 -0.00925047]
