model_name,coeffs
Sestak-Berggen,[ 0.83333855  2.02755767  0.5069897  -1.39990383]
