model_name,coeffs
Sestak-Berggen,[ 0.87303741  1.35810625  0.74770778 -0.7561319 ]
