model_name,coeffs
Sestak-Berggen,[ 0.05721011 -1.10095947  1.03852594  1.64939293]
