model_name,coeffs
Sestak-Berggen,[ 1.33972263  2.38595338  0.53384504 -1.63764506]
