model_name,coeffs
Sestak-Berggen,[ 0.10935305  0.78001048  0.40968613 -0.32284439]
