model_name,coeffs
Sestak-Berggen,[ 1.33975116  2.38590377  0.53386059 -1.63760118]
