model_name,coeffs
Sestak-Berggen,[ 0.3650328  -1.8908092   1.9540479   1.90883053]
