model_name,coeffs
Sestak-Berggen,[ 0.23136258  3.73067813 -0.12188909 -3.28664787]
