model_name,coeffs
Sestak-Berggen,[ 0.19685819  0.90531406  0.98810578 -0.51754921]
