model_name,coeffs
Sestak-Berggen,[ 0.74526145 -0.13649025  1.38277133  0.75505952]
