model_name,coeffs
Sestak-Berggen,[ 0.42780537  0.69801205  1.04733811 -0.53482972]
