model_name,coeffs
Sestak-Berggen,[ 0.19893037 -0.48294765  1.06702813  1.18046651]
