model_name,coeffs
Sestak-Berggen,[ 0.07896877  0.77175535  0.30813948 -0.52544641]
