model_name,coeffs
Sestak-Berggen,[ 0.19893024 -0.48294423  1.06701528  1.18045167]
