model_name,coeffs
Sestak-Berggen,[0.04549706 0.12531686 0.48368675 0.24356304]
