model_name,coeffs
Sestak-Berggen,[0.04729239 0.3678499  0.41022585 0.02006036]
