P_coefficients,Q_coefficients
46212.853321018294,0.38195734372976414
-133017.2319020833,-1.033717323068544
72247.7282245149,0.28447625511187746
15494.26946122985,0.37717619562861143
-5.668106338208822,0.001589559544273002
