P_coefficients,Q_coefficients
-234940.72980846796,-3.09574059367689
294253.3886046158,3.9249825357054013
-78169.23913559249,-1.082818833588643
36531.235584838476,0.44788928588126004
-47.53590136675624,0.0005499073668737895
