P_coefficients,Q_coefficients
29722.747186993583,0.35415075784583555
-90244.42141239853,-1.0651814464027602
92716.85168598389,1.0872804049579352
-37283.053935717726,-0.43560880982244016
5121.334797555857,0.05970654128471768
