P_coefficients,Q_coefficients
-171337.33695628966,-2.152530323520904
211609.1033378569,2.690004834986903
-52013.0065413917,-0.6879744862513064
21223.500143706453,0.25087623522908653
-24.38064978419345,0.0003278295964648234
