P_coefficients,Q_coefficients
-148707.1678655318,-1.4767828835332295
153965.13375526282,1.5095895855727328
4233.09589537101,0.04253416318905192
708.591862757219,0.0074869984798768205
-4.477735729309787,-4.314901755249322e-05
