P_coefficients,Q_coefficients
-50296.80481553192,0.0788833150589389
130189.78375377507,-0.603276614330382
1141.7501456354366,1.273374419597817
-38.45690869222297,0.0165641657693613
0.0,-0.00045226509711098585
