P_coefficients,Q_coefficients
-761405.7553491611,-0.4864881577866385
659816.6151067031,-6.037786501047971
134536.40649091592,3.6549812115330225
-21.957461857605686,3.2555102091326273
0.0,0.01493366623484887
