P_coefficients,Q_coefficients
167502.63604800808,1.8083450932936385
-155794.90226495336,-1.8165056832203732
-93873.37620003607,-0.8432987693822351
77179.47176712441,0.7787057453546757
-642.7714742009085,-0.006415714185034626
