P_coefficients,Q_coefficients
7311.971376337322,0.16557416797605973
-13.14768422727173,-0.6239401552155123
-47391.1154993095,0.4693798186851483
40924.55039939136,-0.0010077275755172271
-128.95026550650104,0.0
