P_coefficients,Q_coefficients
-26435.66216151344,-0.33262846165343807
25332.832272827767,0.3266871736736813
1518.535670669976,0.010801235193243849
-126.61327338972154,-0.0011849400124746639
1.6702094601219069,1.6256026061320902e-05
