P_coefficients,Q_coefficients
9367.111595839595,-0.9221773615600343
-80979.34409055693,0.8593135696718772
68479.6242941581,0.12496560756070421
8142.358082332781,-0.00032356878983661087
-33.614586382020256,0.0
