model_name,coeffs
Sestak-Berggen,[ 0.12528866 -1.12007676  1.14145295  1.54918024]
