model_name,coeffs
Sestak-Berggen,[ 0.25530899  0.78426274  0.73773293 -0.59864769]
