model_name,coeffs
Sestak-Berggen,[ 0.84512686  1.40289995  0.67730384 -0.72990642]
