model_name,coeffs
Sestak-Berggen,[ 0.02002943 -0.01250091  0.00186167 -0.01263074]
