model_name,coeffs
Sestak-Berggen,[ 6.17172773e-04  3.41508284e+00 -1.76564614e+00 -2.88915158e+00]
