model_name,coeffs
Sestak-Berggen,[ 0.17719724 -0.14908222  0.92962589  0.86954703]
