model_name,coeffs
Sestak-Berggen,[ 0.24053641  0.88455105  0.92953414 -0.47413033]
