model_name,coeffs
Sestak-Berggen,[ 0.67155821 -2.59137705  1.98161206  3.01556188]
