model_name,coeffs
Sestak-Berggen,[ 0.56078911  4.6418591  -0.27947878 -4.04205936]
