model_name,coeffs
Sestak-Berggen,[ 0.27229719 -0.3828325   1.19192201  1.21931648]
