model_name,coeffs
Sestak-Berggen,[1.08418143 0.27716498 1.42551632 0.44102111]
