model_name,coeffs
Sestak-Berggen,[ 1.69752612 -0.56357433  1.65629073  1.32051089]
