model_name,coeffs
Sestak-Berggen,[ 0.1419395  -3.18427081  1.98432286  3.31726962]
