model_name,coeffs
Sestak-Berggen,[ 0.09017397  0.57531893  0.57030589 -0.17153914]
