model_name,coeffs
Sestak-Berggen,[ 0.27228103 -0.38279617  1.19184657  1.21925003]
