model_name,coeffs
Sestak-Berggen,[ 0.29256435 -0.60914132  1.46177611  0.937684  ]
