model_name,coeffs
Sestak-Berggen,[ 0.2268412   2.0196139   0.19174965 -1.45936596]
