model_name,coeffs
Sestak-Berggen,[0.2188922  0.05919015 0.78601774 0.3788859 ]
