model_name,coeffs
Sestak-Berggen,[ 0.56078383  4.64168548 -0.27940332 -4.04188891]
