model_name,coeffs
Sestak-Berggen,[ 0.09031357  0.5824089   0.56819275 -0.17788007]
