model_name,coeffs
Sestak-Berggen,[ 1.69760929 -0.56361392  1.65637036  1.32056318]
