model_name,coeffs
Sestak-Berggen,[ 0.15404665  0.84712756  0.55410221 -0.59811351]
