model_name,coeffs
Sestak-Berggen,[ 0.01512529 -0.00949371  0.00138096 -0.00928513]
