model_name,coeffs
Sestak-Berggen,[ 0.13591887  0.77381227  0.4277258  -0.25783215]
