model_name,coeffs
Sestak-Berggen,[ 0.15856134  1.34991859  0.55444235 -1.04175591]
