P_coefficients,Q_coefficients
-145475.342575014,-1.8003017963796797
-3982.206567841314,0.5727885506518354
156420.99505369493,1.3065330593568085
2506.3662494417727,0.034723691249016274
-11.884839050087983,-8.889775796375728e-05
