P_coefficients,Q_coefficients
-3658.917539742263,0.5096492647951556
56171.82688595479,-1.0917263256834475
-105321.28636689334,0.5348379332791203
45514.129518601345,0.052878272785291
7783.230063593348,0.0
