P_coefficients,Q_coefficients
-1375.0625615741221,-0.19334657785624684
-133589.73542152066,-1.0531818188862956
132538.73295657127,1.204780521066363
3039.0989172101595,0.04899286236658683
-26.75812702533645,-0.000351468131243384
