P_coefficients,Q_coefficients
43171.02226703116,0.6726304412361843
-301161.3960006208,-3.272610067795966
202302.20730472993,2.0445101633537073
63433.44923424462,0.6205778850663823
293.85169330179326,0.0027925157580945157
