P_coefficients,Q_coefficients
54691.93181361896,-1.3882846071172337
-272398.7074331082,1.558836981324597
246173.5941620196,0.14116954644589713
13142.397699848047,-0.00029683993674190195
-47.92170872867058,0.0
