P_coefficients,Q_coefficients
47631.19717070913,0.19048612523426114
-130787.95051113759,-0.6952166909209044
110160.11515231433,0.7012392534750314
5202.818213435177,0.05832800013959742
-28.347051406833863,-0.00024105873459401967
