P_coefficients,Q_coefficients
63643.95155033773,-0.9376964678780191
-265123.0981845036,0.5857926085757736
170997.12042186823,0.3811934773257281
34232.728155679826,0.0032497488042446455
61.91060259998698,0.0
