P_coefficients,Q_coefficients
-57905.77318361026,-0.5152788735937491
211329.77434085673,1.7619712529572134
-223132.30483494888,-1.794511076939885
68378.83614544552,0.5386871658560546
547.8199672392228,0.00446353096586129
