P_coefficients,Q_coefficients
-15656.07397679643,-0.1676904257435214
122531.61983023513,1.0037664717859842
-205112.21385960316,-1.5413302781022973
98273.42767349421,0.7050550329811013
-13.28757111900742,0.0002905171561071072
