P_coefficients,Q_coefficients
47598.88597949611,-0.4744516685073476
-155317.80229005872,0.17694904339755071
90279.97942171415,0.32377707853816495
19376.01797291182,0.0012660479858300517
-26.105216872265924,0.0
