P_coefficients,Q_coefficients
-18519.82969922943,-1.3976850137924126
-203833.1189590978,2.003603168666725
324785.1025992403,0.17513155115336418
23339.010417331912,-0.001004891538990543
-144.67745614700448,0.0
