P_coefficients,Q_coefficients
105246.07354355021,-0.8164760812883641
-661333.9644720961,-2.303275743104406
570494.8539692669,2.922254303051612
-704.3918477937925,0.3821758028975192
-22.779915414454205,-0.00189343840487055
