P_coefficients,Q_coefficients
26462.779200564502,-0.5672741111765106
-96384.12917933936,0.38144372130825416
49925.30309542875,0.21576395079014077
21948.569689780503,0.00048266471327195994
0.5914084292028466,0.0
