model_name,coeffs
Sestak-Berggen,[ 0.3618534   0.96325647  0.83744951 -0.51063136]
