model_name,coeffs
Sestak-Berggen,[ 0.1324159  -0.7972801   1.06856576  1.04085315]
