model_name,coeffs
Sestak-Berggen,[ 0.13545821  1.40791405  0.72546007 -1.03488189]
