model_name,coeffs
Sestak-Berggen,[ 0.15233498 -1.65569312  1.4100043   2.29240683]
