model_name,coeffs
Sestak-Berggen,[0.07486922 0.49447403 0.52246998 0.14502985]
