model_name,coeffs
Sestak-Berggen,[ 1.55255702  2.67410708  0.38383901 -1.80631192]
