model_name,coeffs
Sestak-Berggen,[ 1.53606287  2.56439361  0.42248034 -1.70092943]
