model_name,coeffs
Sestak-Berggen,[ 0.15233835 -1.65566549  1.40999725  2.2923837 ]
