model_name,coeffs
Sestak-Berggen,[ 0.21721243  1.17306141  0.52806099 -0.54961591]
