model_name,coeffs
Sestak-Berggen,[ 0.06651584 -0.32441049  0.78071012  0.90626603]
