model_name,coeffs
Sestak-Berggen,[0.32264238 0.21723541 1.0801098  0.16168388]
