model_name,coeffs
Sestak-Berggen,[ 0.79743289  1.64994125  0.75544134 -0.91951905]
