model_name,coeffs
Sestak-Berggen,[ 0.13545032  1.40784531  0.72544448 -1.03483894]
