rate,slope,intercept,std_err
3,0.0002259773255355,-2.612146042293724,1.2135732412201463e-06
5,0.0002242860656348,-3.099327042631323,1.4764133657753615e-06
10,0.0002159848288713603,-3.110601548683693,1.940304461524579e-06
