rate,slope,intercept,std_err
3,0.0001902853680827,-3.0396872375908064,1.3154167967989453e-06
5,0.0001852181172468,-2.7320089694201,1.5605038362295488e-06
10,0.0001811659730189399,-1.5712363774649916,1.0237048660233922e-06
