rate,slope,intercept,std_err
3,0.0001940311321734,-1.9662232217953708,4.691583119567449e-07
5,0.0001897807273512,-1.5930806821603554,4.426619011043768e-07
10,0.00018273191731656434,-0.9803003917264128,3.888995616336139e-07
