rate,slope,intercept,std_err
3,0.0002372263015429,-4.303610177223014,3.14351434375524e-06
5,0.0002339533327016,-3.917682870793767,3.5493641240047728e-06
10,0.00022823617723495974,-2.9906422759249844,3.018382338241852e-06
