rate,slope,intercept,std_err
3,0.0001937514784203,-2.693288616866589,5.712988360111271e-07
5,0.0001896276902751,-2.358142727367081,5.395766022536322e-07
10,0.00018281383736438168,-1.7840103132539369,4.836679773945237e-07
