rate,slope,intercept,std_err
3,0.0002315046465101,-4.728925270714395,2.427244164959985e-06
5,0.0002274755568515,-3.978078412380857,1.3863977323395444e-06
10,0.00022063866291320352,-2.990425041184917,1.8228435136838524e-06
