rate,slope,intercept,std_err
3,0.0001829548738313,-1.7390099337280844,4.276904608263975e-07
5,0.0001784658374007,-1.2958981814242492,4.431144953269029e-07
10,0.00017456829724382515,-0.6489857829093353,4.403397610249554e-07
