rate,slope,intercept,std_err
3,0.0002176276911876,-2.287462161569424,2.344659593115464e-06
5,0.000223753538907,-2.011686653616674,1.0344460711954312e-06
10,0.00021471531813451017,-1.4559117311065215,1.0801366661045483e-06
