rate,slope,intercept,std_err
3,0.0001942125427303,-2.518439760605787,5.541991045672636e-07
5,0.0001896276992644,-2.358142124494286,5.395783991535743e-07
10,0.00018281383736438168,-1.7840103132539369,4.836679773945237e-07
