rate,slope,intercept,std_err
3,0.0002372271226366,-4.303627204206712,3.1439728188976213e-06
5,0.0002325304644295,-3.9152563287559694,3.3606535802685514e-06
10,0.00022823617723495974,-2.9906422759249844,3.0183823382419027e-06
