rate,slope,intercept,std_err
3,0.0001937961074096,-2.6997005362961204,5.984726793575746e-07
5,0.0001896723182584,-2.382729402758052,5.508860861420502e-07
10,0.00018286233518172696,-1.8093177125642654,4.963841817544208e-07
