rate,slope,intercept,std_err
3,0.0002386402493532,-3.913975216211939,2.7766903344409e-06
5,0.0002320988311397,-3.471472897441945,2.89462617980465e-06
10,0.00022646644913771878,-2.5266920088542353,2.548430000858701e-06
