rate,slope,intercept,std_err
3,0.0001895404694564,-4.988172128820409,1.249734204885431e-06
5,0.0001839417442713,-4.421964005496744,1.183128336313958e-06
10,0.00017898232952761426,-3.382297836168135,9.24241993997671e-07
