rate,slope,intercept,std_err
3,0.0002040503822241,-2.988877783795888,2.7514655339943206e-06
5,0.0001999444785123,-2.6926530966239266,3.626264458823916e-06
10,0.00019607640207766755,-2.3356466298475533,4.074957624751352e-06
