rate,slope,intercept,std_err
3,0.0002253290154558,-2.100060939532412,1.085132690665854e-06
5,0.0002232483320226,-2.061001723338346,1.0445167699067954e-06
10,0.00021561184333172107,-1.8316631792727165,1.2706257248713613e-06
