rate,slope,intercept,std_err
3,0.0002040503822241,-2.9888777837958944,2.7514655339941427e-06
5,0.0001999442014425,-2.6926353041879576,3.626419374234831e-06
10,0.00019607636208627557,-2.335648340224946,4.074949488613368e-06
