rate,slope,intercept,std_err
3,0.0001942645763972,-2.918950138116802,3.436770367525803e-06
5,0.000187871310545,-2.399486790127879,3.844691264969701e-06
10,0.00018677765698322412,-1.869969332337801,3.3037140193160178e-06
