rate,slope,intercept,std_err
3,0.0002259775083751,-2.61162341791988,1.226037556742756e-06
5,0.0002236608474098,-3.004058292661526,1.4627859877577295e-06
10,0.00021598470015373911,-3.1105852233937945,1.940266605070219e-06
