rate,slope,intercept,std_err
3,0.0001830621091018,-2.284849322853788,6.338361689393229e-07
5,0.0001794691487045,-2.0705436819415013,6.202196055386861e-07
10,0.00017515942649901388,-1.6739760164286395,6.748641603534746e-07
