rate,slope,intercept,std_err
3,0.0001889135219216,-5.048696779866363,1.3297252322527646e-06
5,0.0001843139564679,-4.53450025661672,1.2635152665751427e-06
10,0.00017863865336817123,-3.468062486127474,9.514449543944316e-07
