rate,slope,intercept,std_err
3,0.0001834827299363,-1.9030235660270165,5.579279119053629e-07
5,0.0001793414742546,-1.557537840467603,5.634815383301302e-07
10,0.0001751589795705945,-0.9178973013108731,4.832387192835396e-07
