rate,slope,intercept,std_err
3,0.0002386402493532,-3.913975216211939,2.7766903344409e-06
5,0.0002320988311397,-3.471472897441945,2.89462617980465e-06
10,0.0002264664491377,-2.526692008854236,2.548430000858701e-06
3,0.0002408490918987,-3.812002190124378,2.7515870412710712e-06
5,0.000236245551779,-3.314178379012936,2.648655480112492e-06
10,0.00022865997734599922,-2.620289882694828,2.6099352940096546e-06
