rate,slope,intercept,std_err
3,0.0001829547751447,-1.7389939514393262,4.277045727658919e-07
5,0.0001784657632116,-1.2958998008152491,4.431192987685838e-07
10,0.0001745684327047344,-0.6490086525348886,4.403304503570299e-07
