rate,slope,intercept,std_err
3,0.0001836142649076,-1.9689459770870883,5.600769882666263e-07
5,0.0001789673350882,-1.3623401854070636,5.250420483096879e-07
10,0.00017487603790351542,-0.7393132469308625,4.509751293069861e-07
