rate,slope,intercept,std_err
3,0.0001830615094313,-2.284716347094061,6.331532110417538e-07
5,0.0001794717786127,-2.0706934017589163,6.250822714698344e-07
10,0.0001755194871889232,-1.8489518558683358,6.243608317780755e-07
