rate,slope,intercept,std_err
3,0.0001895378067572,-4.987763317088472,1.25070580998932e-06
5,0.0001839435838204,-4.421807155847055,1.1844491344121823e-06
10,0.00017898195807690252,-3.3822416454847612,9.243327193862513e-07
