rate,slope,intercept,std_err
3,0.0001878666180705,-3.036137328986605,8.487804230213135e-07
5,0.000183381318112,-2.6372503803685845,7.819033327459774e-07
10,0.00017865755646200298,-1.6817970084148541,6.122571276985375e-07
