rate,slope,intercept,std_err
3,0.000200528499347,-2.57987966192602,2.5209303453347743e-06
5,0.0001952857520701,-2.255083594141324,3.023346702452753e-06
10,0.0001887251980164966,-1.718694927764492,3.27614865172831e-06
