rate,slope,intercept,std_err
3,0.000195382339422,-3.00953727568544,3.659507781984562e-06
5,0.0001916639278154,-2.633143048774013,4.082375719847874e-06
10,0.00018919833102987976,-1.929365476195077,3.2914950129624004e-06
