rate,slope,intercept,std_err
3,0.0002199981967397,-2.483921104100885,2.626623406443844e-06
5,0.0002248012906835,-2.4682420899229065,1.169437140915243e-06
10,0.00021611206717425522,-2.020312355938451,1.2633965835493227e-06
