rate,slope,intercept,std_err
3,0.0002384320409354,-3.8158678288708487,2.240850355397161e-06
5,0.0002366618897054,-3.456497607851242,2.73718519444946e-06
10,0.000230840300375243,-2.8464589444980213,2.716965276719124e-06
