rate,slope,intercept,std_err
3,0.000194032353568,-1.9659421063960671,4.68979238227039e-07
5,0.0001896063335139,-1.6577451984910638,4.479171574534417e-07
10,0.00018289910242822268,-0.9096370893411034,3.8714510603434587e-07
