rate,slope,intercept,std_err
3,0.0002430800634013,-5.59594408922643,5.493225409394304e-06
5,0.0002381630942924,-5.0842822345151335,5.241429049490873e-06
10,0.00023232424175176415,-4.507242147368833,5.2904552888472794e-06
