rate,slope,intercept,std_err
3,0.0001998526378505,-2.55876109058802,2.617102854247709e-06
5,0.0001956677746889,-2.1556323973687093,2.670121353542297e-06
10,0.00019188046557449984,-1.646663013038129,2.503849426774185e-06
