rate,slope,intercept,std_err
3,0.0002004601038326,-2.577840140246657,2.499469043481696e-06
5,0.0001963550317476,-2.174743823037547,2.545175484776396e-06
10,0.0001923656569688582,-1.678201073001194,2.1944457191108644e-06
