rate,slope,intercept,std_err
3,0.0001943093428762,-2.921883494393745,3.443818464441293e-06
5,0.000187871310545,-2.399486790127879,3.844691264969701e-06
10,0.00018677746349070703,-1.869956576328189,3.3036687995879804e-06
