rate,slope,intercept,std_err
3,0.0001835700413214,-2.4874244391928286,8.392194924935214e-07
5,0.0001793245860433,-2.035443076199485,7.523533954757911e-07
10,0.00017535617837470928,-1.8125287142201358,7.191757590213885e-07
