rate,slope,intercept,std_err
3,0.0002432177969035,-5.703739630999617,5.490477998780405e-06
5,0.0002378567852718,-5.164673621197522,5.258432796151212e-06
10,0.00023172108989415866,-4.682065737746319,5.432862709609189e-06
