rate,slope,intercept,std_err
3,0.0001910593478355,-2.811139464067125,1.42346242931547e-06
5,0.0001856068465418,-2.6557294291109343,1.6498741596322055e-06
10,0.00018151963547163755,-1.4159627033739852,1.1162763111763507e-06
