rate,slope,intercept,std_err
3,0.0002199982728441,-2.4839229040809805,2.6266417350948527e-06
5,0.0002248012546696,-2.468235169965798,1.1694426232294175e-06
10,0.00021611206717425522,-2.020312355938451,1.2633965835493227e-06
