rate,slope,intercept,std_err
3,0.0001874639300264,-2.638369264573868,7.085737638211867e-07
5,0.0001830088873812,-2.1729461973018616,6.851020763031416e-07
10,0.00017836366242672612,-1.2853011566312702,5.391621055050135e-07
