rate,slope,intercept,std_err
3,0.0001998526589059,-2.558763596426779,2.617101555871719e-06
5,0.0001956678145522,-2.155634044799344,2.6701230044204003e-06
10,0.00019188336476118556,-1.6469241442370226,2.500139964152748e-06
