rate,slope,intercept,std_err
3,0.0001834829711635,-1.902812504475932,5.602907719252093e-07
5,0.0001793418054002,-1.5577618810184362,5.631408131519482e-07
10,0.000175158766849172,-0.9177792658062884,4.83335120945659e-07
