rate,slope,intercept,std_err
3,0.0002410347694858,-3.787919966499264,2.745404627425773e-06
5,0.0002342736847474,-3.230454483471843,2.651555506922579e-06
10,0.00023047592637064554,-2.6993658726835674,2.613914809697225e-06
