rate,slope,intercept,std_err
3,0.0002251165090058,-2.030128816576969,1.0330938146970544e-06
5,0.0002231357189068,-1.9956785445674008,1.0213089810068209e-06
10,0.0002155775165859246,-1.7320960319656464,1.221036502875811e-06
