rate,slope,intercept,std_err
3,0.0001936189007777,-2.1095183114661538,4.867183770486356e-07
5,0.0001898894139701,-1.4690044279656789,4.1656265252141273e-07
10,0.0001829938486137295,-0.7530628218183182,3.6406241705541493e-07
