rate,slope,intercept,std_err
3,0.0001885530401024,-3.1426067573605696,7.732385463908996e-07
5,0.0001839797641963,-2.629084000555548,7.35213939330207e-07
10,0.0001784394447854013,-1.693106561720363,6.010660168947374e-07
