rate,slope,intercept,std_err
3,0.0002257035360622,-2.578068807515564,1.4769379794694983e-06
5,0.0002239440407076,-3.111530157749144,1.5188264545202758e-06
10,0.00021660867003538877,-3.190365246932444,2.13895652472843e-06
