rate,slope,intercept,std_err
3,0.0001824486326911,-1.2635398489438645,4.194326007380154e-07
5,0.0001780530362953,-0.9093214006635292,4.342618611423558e-07
10,0.0001741082827963465,-0.2188671751448794,3.99928601335664e-07
