rate,slope,intercept,std_err
3,0.0002402403227516,-5.453190414219992,5.144129063590255e-06
5,0.0002381647224261,-5.0843506093715005,5.241320282711534e-06
10,0.00023231896814743252,-4.506964787611896,5.290802589332591e-06
