rate,slope,intercept,std_err
3,0.0001885532901645,-3.1425743346182298,7.734227221257769e-07
5,0.0001839795264385,-2.629100637349936,7.350729271565571e-07
10,0.0001784394447854013,-1.693106561720363,6.010660168947374e-07
