rate,slope,intercept,std_err
3,0.0002410880236419,-3.915606039841684,2.9457829638919184e-06
5,0.0002366498392521,-3.4554330912335693,2.747795071378045e-06
10,0.00022844405362935235,-2.7597174728493545,2.733772663900901e-06
