rate,slope,intercept,std_err
3,0.0001878669074724,-3.0361785915217823,8.487514295213681e-07
5,0.0001833812571399,-2.6372378001949954,7.819115536238864e-07
10,0.00017865755646200298,-1.6817970084148541,6.122571276985375e-07
