rate,slope,intercept,std_err
3,0.0001886072652037,-2.9711681169381547,7.328544021676368e-07
5,0.0001839284740637,-2.48297447332531,7.030288397371658e-07
10,0.0001783660078238562,-1.59639646038889,5.847846060575698e-07
