P_coefficients,Q_coefficients
324556.9376598186,2.1975060433122775
-480760.22349152376,-3.138452025345836
134264.13076077195,0.7185417458712312
35882.59245489348,0.32108405752846597
-94.31013934204947,-0.00044794932547342886
