P_coefficients,Q_coefficients
33477.01743450624,-1.5349780059458409
-259001.5683531451,1.1223513253308286
205295.06443598395,0.4633278187463445
25589.960829207892,0.0011210755993288331
-64.87441735410829,0.0
