P_coefficients,Q_coefficients
70672.58921875134,-1.9966364753710928
-345965.53281133546,2.7622276850497793
349844.27901430964,0.2498853914308846
26814.42683785557,-0.0012748200166862846
-154.48482565734935,0.0
