P_coefficients,Q_coefficients
36624.041819707556,-1.701289810538495
-285701.96214325447,1.249481423846858
226978.196561855,0.5051713081481646
27734.573121651683,0.0011126805976777899
-73.2655260068876,0.0
