P_coefficients,Q_coefficients
60117.177927560566,0.20731435269535492
-280969.00173087406,-1.7758090597314198
202669.21888018484,1.2788511417340822
20386.96191963783,0.31068421724717094
-53.47895088694788,0.00039319281548932326
