P_coefficients,Q_coefficients
-5704.272417209943,-0.10304859210168342
-28509.979143292487,-0.177183888698039
36868.320095485746,0.3092170773894999
-910.2958810095787,-0.007081722762874321
0.7705074845978839,-7.630528220339608e-06
