P_coefficients,Q_coefficients
-8208.736571051171,0.48196194496249045
75670.86509142964,-1.0604728138267252
-139230.68794179228,0.5701816122467385
71370.532405696,0.008662859349946315
446.92796162532727,0.0
