P_coefficients,Q_coefficients
-379910.81383345224,-0.48934108605226645
377469.8038343138,-2.6963820132661214
19721.872178329184,3.2022625565969354
-114.90862115261449,0.2001409933575659
0.0,-0.0009887722299840626
