P_coefficients,Q_coefficients
42106.49519431858,-0.0005881582993048099
-100035.42735609293,0.41495808553575003
58268.715465755464,-0.9595864780565078
-153.5783761892652,0.5478767766780226
0.0,-0.0013917995011107187
