P_coefficients,Q_coefficients
-153581.50636686894,-0.4364512945806077
135445.3516745416,-0.7528376974840325
21634.345931598393,1.0388599018725904
-64.2071780814594,0.19592999690405932
0.0,-0.00039017436081269496
