P_coefficients,Q_coefficients
51491.17335681076,-0.2831685627075209
-337124.18192828936,-1.9668401396229884
262090.81668374783,2.04205633081385
27552.017262371104,0.25429370982032135
-112.67605504363391,-0.0008385442962876831
