rate,slope,intercept,std_err
3,0.0001892959783758,-4.910505561060796,1.1230068971840296e-06
5,0.0001840877577342,-4.440588527266443,1.0625285141683945e-06
10,0.0001784306017063362,-3.2859154660345746,7.560556451377598e-07
