rate,slope,intercept,std_err
3,0.0001862616491614,-3.35278077806484,7.361623489754857e-07
5,0.0001812293613671,-2.640431252795452,7.764904250260616e-07
10,0.0001764586439090878,-2.1416520524173706,6.485830436339713e-07
