rate,slope,intercept,std_err
3,0.0002424748094307,-5.247318426337093,5.703614888617238e-06
5,0.0002374598424118,-4.582949304912013,4.890043033980671e-06
10,0.00023312532324680068,-4.090104803851263,4.9626898146635246e-06
