rate,slope,intercept,std_err
3,0.0001932832900872,-2.27900645139173,4.864778725311603e-07
5,0.0001871725038223,-2.4873378182702623,6.056532309223635e-07
10,0.0001815352227373039,-2.00324370704611,5.232380675512218e-07
