rate,slope,intercept,std_err
3,0.0001963205877552,-2.828207434693512,2.634543858135414e-06
5,0.0001933481046321,-2.371978696248622,2.4127969517289558e-06
10,0.0001895000080674648,-1.764026058039498,1.8817663228470246e-06
