rate,slope,intercept,std_err
3,0.0002208685782139,-2.814424955880149,1.7904812310766671e-06
5,0.0002183572146584,-3.1602970217672848,1.5006526993845662e-06
10,0.00021066415345735804,-2.6996398881904433,2.310044574262002e-06
