rate,slope,intercept,std_err
3,0.0001845660599582,-3.3555542591504235,6.881012317899621e-07
5,0.0001835516137733,-2.3200362804508785,7.058829942802578e-07
10,0.00017807329002430725,-2.2900097507866093,6.605092006657383e-07
