rate,slope,intercept,std_err
3,0.0001861239914637,-4.971783513594276,1.0608245336523924e-06
5,0.0001853135351016,-4.381041185466579,9.41721508283012e-07
10,0.0001792547065879016,-3.4398745572206124,7.611950370012988e-07
