rate,slope,intercept,std_err
3,0.0001912240023937,-3.2896076768171376,3.392529866533144e-06
5,0.0001935288775951,-2.4036748618159045,2.1854785926192958e-06
10,0.00019021987636054188,-2.819909647922927,2.6495171996401367e-06
