rate,slope,intercept,std_err
3,0.0001912382274499,-3.290348649017411,3.3868819750805296e-06
5,0.0001935297612207,-2.4036573777511414,2.1852843297143968e-06
10,0.00019022001007942398,-2.819883494755473,2.6495003941272097e-06
