rate,slope,intercept,std_err
3,0.0002156003957743,-3.872463639840639,1.1621358832354649e-06
5,0.0002138775132177,-2.6684732882186104,2.005710899022833e-06
10,0.00020743775744678876,-3.6367836976966608,2.4371591651741344e-06
