rate,slope,intercept,std_err
3,0.0002275665227561,-4.264435121922521,4.663947227685589e-06
5,0.0002311994315508,-4.843225037926988,6.893689015247767e-06
10,0.00022141703428144385,-4.1050027938414475,5.473782758329503e-06
