rate,slope,intercept,std_err
3,0.0001890007997254,-5.115640212569691,1.5898625241941165e-06
5,0.0001819694823774,-4.808173253857298,1.4486041051296688e-06
10,0.00017696564429412685,-3.9371815012147238,1.260012092583578e-06
