rate,slope,intercept,std_err
3,0.0001836232516742,-3.072262522935347,7.882425182728603e-07
5,0.0001773701370611,-2.6196181766579727,8.467163141160607e-07
10,0.0001725317548407481,-2.5661251166297063,7.002059326430113e-07
