rate,slope,intercept,std_err
3,0.0001997255462997,-2.720239097295132,1.9818806552404314e-06
5,0.0001949897162304,-2.4131390616571267,1.2665493708323723e-06
10,0.0001896585794728288,-2.4544861720249784,1.0888716580205733e-06
