rate,slope,intercept,std_err
3,0.0002354689470508,-5.05740004768005,6.277677683760199e-06
5,0.0002269824269615,-4.486955372001333,5.939579987052059e-06
10,0.00021995785163085984,-3.7644497825666123,5.618922983784432e-06
