rate,slope,intercept,std_err
3,0.0002168633311849,-3.2308267624932725,1.7949574191601652e-06
5,0.0002108719400183,-3.999518596908828,2.3160687943942e-06
10,0.0002055574569316584,-3.533352632495884,2.651582015102124e-06
