rate,slope,intercept,std_err
3,0.0001947459801121,-2.171575816648144,4.728953381908458e-07
5,0.0001870497665494,-1.7284960245933547,4.725538021842075e-07
10,0.00018089048105896234,-1.9052535798467574,5.109196546468569e-07
