P_coefficients,Q_coefficients
25686.98380442291,-0.11147096503474674
-202758.21625179643,-1.3289595686604405
168195.10683079853,1.3212938421975253
10324.597999823687,0.1373888661785309
-52.67361177328686,-0.00048625096407128225
