P_coefficients,Q_coefficients
-210537.29037544766,-2.6462193995655974
172404.1388111491,1.845249567651563
66021.96107386859,1.1927532286168963
-1157.5001505093628,-0.013917769285439592
-3.6354500814588957,-0.000192907976719803
