P_coefficients,Q_coefficients
-77451.76261351684,-1.0353062504841652
213350.31425629294,2.9030134084651857
-189761.16989941485,-2.618110575516887
54030.833966835184,0.7519379939078932
-208.7642077099926,-0.002377429257004675
