P_coefficients,Q_coefficients
-71993.94584420504,-1.80508457490921
-199429.9583104849,-1.5624195962852059
272494.86340639926,3.447957595870674
11239.544646956467,0.09283242968565923
-284.9073749287398,-0.0027406916886467624
