P_coefficients,Q_coefficients
-141503.42099886117,0.13395850461809625
211410.5355367393,-2.195039210377196
-73443.07914963846,3.0375726567464154
7882.969185912316,-1.0366524410793176
0.0,0.11027539951669053
